Obs_Yield_t_ha,HarvestDOY,RainYearly,RadiationYearly,TmaxYearly,TminYearly
5.25,211,700.6666667,4001.900333,14.20794521,5.509406393
6.13,207,678.4,3989.274,14.6935337,5.87859745
5.63,207,822.1666667,3926.759333,13.87789954,5.153424658
5.51,205,915.6666667,3892.229,14.4426484,5.635525114
4.02,201,486.2666667,4435.406,15.31762557,4.639452055
7.44,217,649,4076.303333,13.73642987,4.858834244
5.64,213,663.1,4125.361,13.86228311,4.591232877
6.15,215,656.9666667,4191.787,14.60858447,5.014885845
6.52,188,905,4239.024,14.91570776,5.211324201
5.36,208,725.2333333,4026.647667,14.72422587,4.99143898
6.15,214,763.4666667,4060.953667,14.32054795,4.489589041
5.84,212,864.2333333,3957.627333,12.90401826,3.580273973
6.37,209,656.5333333,4302.359667,15.33333333,4.725388128
6.1,207,654.0666667,4200.62,14.68397086,4.322040073
6.76,217,773.5333333,3857.352333,13.64630137,4.782465753
7.01,200,604.8666667,4038.892,15.79424658,5.648584475
6.85,205,518.9,4159.427333,15.80785388,5.320730594
6.88,199,671.1333333,3984.162333,14.79435337,5.030418944
6,206,757.3,4146.549,14.99808219,4.845388128
5.24,197,543.6,4553.434333,16.75680365,5.558721461
6.53,200,619.3,4372.667667,16.04347032,5.174155251
7.6,204,632.6333333,4402.133333,15.83415301,4.984517304
6.7,213,729.6666667,4123.426,14.36684932,4.459726027
5.6,180,621.9666667,4558.587667,17.47981735,5.568493151
6.4,214,692.1888889,4026.875,14.12033486,5.236438356
6.55,209,630.2666667,4021.602111,14.60944141,5.675986642
6.91,208,789.0333333,3991.285444,13.83436834,4.931019787
6.52,209,897.8111111,4010.345,14.30490107,5.412663623
5.61,201,462.5555556,4536.308111,15.30751903,4.483165906
8.36,219,647.0444444,4070.646444,13.73855495,4.512264724
6.42,216,677.1333333,4115.663,13.79150685,3.951689498
7.01,219,676.6444444,4208.032333,14.38286149,4.777716895
7.3,192,891.0555556,4219.922111,14.62170472,4.985601218
6.99,211,673.7555556,4021.691778,14.3822708,4.867759563
7.23,217,748.0888889,4051.122778,14.0947032,4.376468798
6.62,213,834.4111111,3952.618,12.65445967,3.544018265
6.67,210,619.9222222,4312.568333,15.16998478,4.74304414
5.75,208,632.9555556,4193.723667,14.44180328,4.368457802
7.71,218,755.3555556,3875.579222,13.47540335,4.78913242
7.8,201,644.5777778,4030.353667,15.40456621,5.661552511
7.26,207,478.7888889,4147.562444,15.43348554,5.223074581
7.41,203,633.5666667,3970.292667,14.39204614,4.944596236
7.4,209,733.9111111,4142.073556,14.54182648,4.839695586
6.9,199,544.0222222,4500.115333,16.27175038,5.520700152
7.07,205,588.2111111,4333.898444,15.59908676,5.041704718
7.51,206,571.8666667,4411.458222,15.64708561,5.021190043
7.14,214,768.7666667,4129.209,14.09171994,4.450563166
6.42,183,553.3444444,4555.717111,17.16593607,5.533059361
5.66,220,985.1666667,3965.476667,13.06511416,4.976894977
5.8,217,895.3833333,3938.955833,13.58469945,5.433242259
5.91,216,1169.266667,3892.277333,12.7496347,4.700182648
5.91,214,1234.35,3908.737,13.36388128,5.234657534
5.35,209,660.1666667,4458.400833,14.1630137,4.314931507
7.02,225,970.4166667,3986.869667,12.67285974,4.297996357
5.74,227,893.8,3998.146667,12.65054795,3.888858447
5.85,228,882.0666667,4063.667333,13.32296804,4.510502283
6.16,199,1104.666667,4157.617167,13.71315068,4.781643836
6.1,219,865.0333333,3964.065167,13.44257741,4.615892532
5.56,223,939.4333333,3986.248833,13.10511416,4.281826484
5.66,221,996.8,3846.179833,11.69726027,3.231232877
6.32,219,900.75,4202.225833,14.02255708,4.478127854
6.16,216,844.5,4116.024833,13.41876138,4.011520947
6.28,227,928.8333333,3778.179333,12.39639269,4.342785388
6.84,209,749.4833333,3920.636333,14.45616438,5.375844749
6.81,215,701.7,4041.565833,14.40789954,5.014246575
6.04,210,813.0333333,3893.599167,13.44216758,4.661338798
5.98,216,967.1,4029.8575,13.62534247,4.533105023
4.34,206,638.4666667,4429.6595,15.41255708,5.349315068
5.59,208,776.8833333,4271.047833,14.75392694,4.989954338
5.77,214,774.95,4309.622167,14.53055556,4.92431694
5.29,223,903.0166667,4065.4325,13.07228311,4.157990868
5.55,190,823.85,4459.607833,16.18410959,5.338675799
6.02,219,857.1666667,4049.230333,13.5460274,4.877808219
5.74,214,732.3666667,4037.838,14.1715847,5.400364299
6.13,213,929.8,4046.673333,13.31598174,4.641187215
6.23,211,1025.766667,4098.717,13.91315068,5.144748858
5.38,206,562.2,4606.104333,14.74493151,4.172237443
7.8,222,769.3666667,4163.187,13.2208561,4.270491803
6.03,224,769.0666667,4173.391,13.1252968,3.768584475
5.98,225,678.8,4287.749,13.84182648,4.396073059
6.36,197,917.7333333,4355.313333,14.30420091,4.77716895
6.3,215,713.3,4158.712333,13.9651184,4.594990893
5.93,220,809.3333333,4155.123333,13.54401826,4.123926941
5.49,220,871.6666667,4006.264,12.18018265,3.186757991
5.92,217,747.8666667,4374.758667,14.51497717,4.314246575
5.8,213,708.4666667,4258.023667,13.94626594,3.910928962
6.44,224,821.5333333,3936.878333,12.94347032,4.169497717
7.29,208,644.7,4082.973333,14.92794521,5.188675799
6.92,213,567.4666667,4226.391667,14.95744292,4.756894977
6.09,207,741.5333333,4050.161,13.99089253,4.510382514
6.2,213,761.2,4252.119,14.22977169,4.370593607
5.99,204,693.7,4598.22,15.79844749,5.134246575
6.19,207,641.4333333,4438.561,15.22109589,4.73086758
7.18,211,706.7,4505.124667,15.00992714,4.577959927
6.63,222,901.3333333,4234.146333,13.55972603,3.976621005
4.64,188,678.0666667,4613.531,16.65863014,5.186757991
6.35,221,899.7181818,4039.274727,13.24353674,4.668443337
6.43,218,755.8363636,4036.925091,13.97985594,5.25342772
6.87,215,927.1727273,4074.454818,13.08540473,4.479053549
6.88,214,1068.990909,4160.687727,13.68682441,4.991033624
5.56,206,590.3454545,4662.993909,14.50169365,4.080174346
7.67,225,822.9181818,4233.958455,12.91015897,4.101515152
6.85,226,851.4545455,4199.58,12.83544209,3.65750934
6.94,227,724.1636364,4300.825545,13.60777086,4.390635118
7.3,198,927.4818182,4382.410727,14.01544209,4.709763387
7.19,217,735.9818182,4166.988273,13.67896175,4.588946846
6.77,222,788.9090909,4153.076,13.29297634,4.173424658
6.75,221,816.9363636,3993.146,11.94244085,3.265529265
7.28,218,702.5545455,4391.111,14.30919054,4.375865504
7.34,214,684.8545455,4288.458545,13.70598609,4.037034277
7.63,224,793.8727273,3946.012091,12.77521793,4.352652553
8.27,208,669.2818182,4069.507455,14.64423412,5.405853051
7.92,216,551.5636364,4220.825545,14.44224159,4.760273973
7.17,211,716.0090909,4054.842182,13.55548932,4.585643318
7.56,216,771.7545455,4298.025909,13.77783313,4.479975093
8.01,207,675.4636364,4633.979364,15.1992528,5.148468244
7.43,211,655.7909091,4484.479182,14.67317559,4.715815691
8.03,214,688.4181818,4574.877727,14.54279682,4.633010432
7.42,224,784.6454545,4270.218364,13.1517061,3.975691158
7.12,191,761.2636364,4679.421091,16.25481943,5.28483188
6.48,218,832.9,4120.441273,13.57200498,4.914246575
7.19,212,827.4727273,4213.428455,14.29098361,5.407600596
7.3,213,938.2909091,4155.535182,13.29576588,4.696313823
6.9,208,1038.881818,4232.865091,14.16854296,5.225330012
5.81,206,561.5,4672.864727,14.58166874,4.186450809
8.52,223,753.9545455,4200.430273,13.20725286,4.21077993
7.33,221,805.7909091,4225.048273,12.99153176,3.780722291
7.15,223,717.6909091,4320.098636,13.69785803,4.27384807
8,195,796.5454545,4437.550636,14.54968867,4.928767123
8.07,217,754.9545455,4267.957636,13.98435171,4.585146547
7.29,217,859.8818182,4283.108,13.59805729,4.402266501
6.71,219,776.0727273,4137.486182,12.40259029,3.287970112
7.74,217,658.7272727,4470.514091,14.44004981,4.293300125
7.53,212,821.4090909,4358.116636,13.89908097,4.256979632
7.23,220,710.0909091,4107.792,13.2188543,4.558480697
9.25,209,666.3818182,4193.824364,14.96420922,5.163038605
8.71,208,614.4545455,4335.569,15.10430884,4.97750934
7.71,205,802.3636364,4232.629091,14.22272727,4.774863388
8.29,211,736.7818182,4392.658273,14.23775841,4.465255293
7.29,203,636.0545455,4656.257636,15.87399751,5.409613948
8.52,206,633.7727273,4490.854727,15.20470735,4.909265255
8.8,211,752.6727273,4538.012364,14.89965226,4.855886736
7.98,219,776.5545455,4380.615636,13.76707347,4.104358655
8.24,188,654.2909091,4606.568,16.57021171,5.355990037
6.41,217,825.9666667,4107.885333,13.72666667,4.934840183
7.33,213,815.25,4144.122333,14.28401639,5.349043716
7.36,213,984.1,4138.270667,13.42073059,4.673287671
6.81,210,1045.033333,4204.360333,14.12054795,5.195388128
5.9,204,582.5833333,4666.301833,14.88013699,4.246027397
8.77,221,761.4666667,4215.846667,13.43551913,4.369216758
7.38,223,824.1333333,4205.517,13.00118721,3.58347032
7.07,224,703.8833333,4336.631,13.82817352,4.333242009
7.96,196,887,4455.569667,14.49091324,4.816757991
8,215,704.4833333,4251.085167,14.0545082,4.754918033
7.27,218,787.6833333,4222.952,13.64958904,4.33283105
7,219,826.6,4100.089,12.28561644,3.354200913
7.7,216,731.3,4435.476667,14.47401826,4.413150685
7.9,211,759.7333333,4327.168167,13.88260474,4.28629326
7.81,221,766.35,4044.176,13.02721461,4.470639269
9.19,207,656.1333333,4155.597167,14.96292237,5.467671233
8.37,208,595.5,4298.336167,15.15086758,5.148675799
7.86,204,729.4833333,4164.073167,14.30819672,4.917577413
8.41,210,772.1333333,4321.312667,14.42853881,4.554109589
7.92,202,663.6333333,4631.241,15.85305936,5.527899543
8.18,206,669.1166667,4485.648667,15.36680365,5.018127854
8.84,209,663.85,4558.034167,15.22131148,4.961748634
7.7,217,766,4298.9915,13.88894977,4.249589041
8.34,186,638.1833333,4600.591,16.82575342,5.531141553
5.89,217,958.6615385,4155.153846,13.61266596,5.06971549
6.85,210,978.3076923,4277.214077,14.36040353,5.623182009
6.79,214,1030.030769,4210.309692,13.17574289,4.616206533
6.48,207,1128.715385,4275.086,14.22429926,5.29540569
5.92,205,624.7923077,4670.936462,14.54134879,4.350495258
7.94,222,879.4615385,4240.048077,13.204876,4.442286675
6.83,220,954.2769231,4280.426769,13.0138883,3.914857745
5.25,223,839.9538462,4372.456462,13.67970495,4.364573235
7.37,194,904.8384615,4473.467,14.56665964,5.064678609
7.56,216,784.1,4290.802692,14.04369483,4.873245061
6.53,215,925.7384615,4291.583077,13.68990516,4.744109589
6.22,216,837.6307692,4148.154462,12.49987355,3.795258166
7.26,214,713.2461538,4490.836538,14.52969442,4.745542677
6.82,210,827.2230769,4380.101462,14.03532997,4.62013451
7.24,219,818,4116.001308,13.30994731,4.677365648
8.46,206,752.2230769,4167.025846,14.99787144,5.658988409
7.87,206,638.1846154,4366.806846,15.18077977,5.342950474
6.75,203,925.9538462,4210.195077,14.30645229,5.062442203
7.92,208,798.7384615,4400.658462,14.35131718,4.783962065
7.18,202,682.6692308,4644.453077,15.82200211,5.843308746
8.17,204,697.4923077,4476.014,15.27776607,5.226786091
7.93,209,834.1384615,4556.12,14.98234552,5.179991593
7.39,217,884.8923077,4428.606615,13.87540569,4.387839831
7.76,186,715.1461538,4605.034538,16.65896733,5.747355111
6.49,216,1008.825,4207.754,13.77465753,4.741712329
7.11,210,1042.35,4329.5885,14.63258197,5.26079235
6.59,212,1067.85,4260.18275,13.65643836,4.458219178
6.54,208,1189.3,4335.479,14.58445205,5.017876712
5.88,204,685.975,4748.3655,14.82979452,3.919726027
7.49,223,846.25,4292.36575,13.46632514,4.121106557
6.67,217,1047.45,4319.21525,13.28486301,3.622534247
6.67,222,854.725,4448.2525,13.89041096,4.067739726
7.66,194,917.55,4513.52425,14.62965753,4.770821918
7.06,216,819.2,4347.12925,14.18531421,4.672540984
6.38,215,981.65,4290.04175,13.90342466,4.570410959
6.11,216,924.025,4145.1285,12.58,3.705684932
7.35,213,813.075,4535.47525,14.66972603,4.529041096
7.12,210,907.075,4388.756,14.06523224,4.456898907
7.28,220,928.4,4143.69425,13.18643836,4.28390411
8.48,207,806.175,4203.22425,15.02226027,5.408013699
8.13,206,727.475,4395.6685,15.25363014,5.065
7.13,204,955.825,4218.92875,14.3489071,4.920286885
7.45,208,870.4,4401.196,14.43369863,4.594726027
7.25,204,708.375,4657.071,15.73842466,5.531164384
8.51,205,776.225,4481.94875,15.27047945,4.994452055
7.74,209,893.825,4578.461,15.13135246,5.061885246
6.73,216,911.5,4486.238,14.07767123,4.25390411
6.92,186,758.5,4645.79875,16.78178082,5.582739726
6.81,218,945.2285714,4214.756429,13.68947162,4.559452055
7.44,214,992.3142857,4298.712,14.37076503,5.152498048
7.44,212,1000.657143,4276.119429,13.49710372,4.49702544
6.76,210,1076.485714,4313.661,14.31917808,5.016399217
6.87,204,614.0857143,4720.689714,14.79365949,3.93409002
8.3,224,814.9142857,4325.068571,13.30589383,4.213192818
7.43,220,958.3428571,4312.393571,13.14207436,3.662700587
7.06,223,737.7714286,4448.828571,13.77369863,4.358747554
7.84,195,920.0714286,4525.351286,14.32919765,4.980782779
7.99,215,794.9857143,4331.016143,13.93391881,4.821467603
6.72,220,829.2,4298.187714,13.65835616,4.428258317
6.8,218,942.4857143,4160.505571,12.17729941,3.615968689
8.07,214,759.5571429,4566.473,14.48559687,4.70332681
7.86,211,868.8857143,4417.086143,13.7745121,4.45991413
8.53,222,864.3571429,4116.648429,12.77522505,4.327710372
8.92,208,800.3285714,4204.557429,14.72837573,5.488375734
8.64,208,718.6571429,4413.994714,14.92414873,5.128923679
6.72,204,838.4,4231.608571,14.130484,5.06030445
8.44,210,848.8857143,4420.844,14.23178082,4.640939335
8.33,204,776.1714286,4729.645,15.40759295,5.554755382
8.61,207,748.5,4557.316286,14.91561644,5.080782779
9.21,208,765.7285714,4674.388143,14.94172521,5.241022639
7.86,218,880.1,4451.956571,13.617182,4.285322896
8.24,187,642.3285714,4782.208286,16.55362035,5.619295499
6.34,217,1197.88,4259.8004,13.78767123,4.736219178
7.1,212,1175.18,4362.7048,14.57546448,5.351202186
6.38,210,1255.84,4260.2998,13.62756164,4.679671233
6.37,206,1262.7,4320.8306,14.54372603,5.288273973
6.39,202,720.5,4722.5724,14.87950685,4.344986301
7.88,221,912.32,4297.9424,13.44174863,4.444043716
6.87,217,1045.3,4302.4068,13.32575342,4.007890411
6.54,221,939.32,4464.5502,13.98476712,4.302849315
7.75,193,1059,4524.0958,14.25852055,5.195945205
7.8,215,941.94,4383.388,13.8820765,4.985628415
6.61,217,1009.86,4306.9826,13.6830137,4.76630137
6.03,215,996.36,4166.7242,12.23934247,4.007561644
7.72,211,951.88,4587.8862,14.43676712,4.934082192
7.15,211,1016.02,4431.0448,13.70595628,4.707322404
7.49,222,963.04,4156.6864,12.80241096,4.484712329
8.03,207,836.56,4224.618,14.66821918,5.771452055
7.64,206,759.76,4420.2104,15.00060274,5.464383562
7.01,204,1064.08,4234.7912,14.12469945,5.148142077
8.63,209,929.46,4416.108,14.22586301,4.775671233
8.24,204,830.28,4723.7054,15.39391781,5.744876712
8.96,207,935.38,4554.3928,14.81994521,5.300931507
8.94,209,1003.24,4672.9214,14.8779235,5.363989071
7.6,215,984.3,4517.4196,13.67249315,4.479452055
8.05,186,894.84,4748.4324,16.49057534,5.927287671
6.72,220,792.9,4163.031273,13.39763387,4.95641345
7.14,215,773.3272727,4167.359,14.01743666,5.459041232
7.49,215,955.3090909,4159.165545,13.07596513,4.749788294
6.86,211,1007.590909,4201.569636,13.83372354,5.337733499
6.11,206,540.3545455,4681.170182,14.48044832,4.427770859
8.47,224,733.6,4233.228364,13.04533035,4.422404372
7.11,225,777.0727273,4207.138636,12.7913325,3.731855542
7.18,225,654.9636364,4334.366273,13.60739726,4.475616438
7.87,197,837.4454545,4434.995818,14.23995019,4.95003736
8.08,216,669.3363636,4245.933636,13.80812221,4.809711873
7.13,220,744.1,4201.049273,13.3969863,4.401867995
6.8,220,796.5727273,4063.585455,12.06826899,3.488891656
7.64,216,694.8727273,4425.000091,14.24353674,4.61003736
7.87,213,658.6727273,4316.422273,13.7407849,4.24076006
7.77,224,721.7272727,3994.205636,12.85402242,4.408767123
8.71,208,650.4545455,4100.917364,14.70039851,5.582017435
7.95,210,561.3272727,4264.471455,14.85521793,5.172851806
7.87,207,685.4272727,4116.914727,13.95471932,4.95052161
7.91,211,718.5090909,4252.836182,14.09202989,4.668343711
7.51,203,676.0909091,4644.207818,15.5347198,5.65369863
7.65,207,619.6545455,4495.753364,15.02388543,5.096064757
8.82,211,633.8727273,4572.633818,14.79428713,4.954396423
7.2,221,806.0363636,4306.160182,13.41334994,4.258879203
7.9,187,645.8636364,4648.621,16.49740971,5.725404732
6.59,217,940.3625,4262.521125,13.70914384,4.721335616
7.57,212,972.8875,4352.198,14.44361339,5.268681694
6.85,212,1040.55,4307.705875,13.48890411,4.531712329
7.21,208,1067.9625,4372.832,14.31609589,5.131712329
6.2,204,577.225,4785.67725,14.74099315,4.038116438
8.63,223,814.425,4366.14,13.30481557,4.235314208
7.3,220,914.6125,4367.47625,13.05856164,3.677465753
6.94,222,803.475,4500.95775,13.88780822,4.254486301
7.84,194,914.5375,4589.534875,14.50188356,4.91739726
7.8,215,757.775,4401.440625,14.03961749,4.822848361
7.01,217,856.825,4338.744625,13.73034247,4.569383562
6.51,217,953.6125,4207.861625,12.32554795,3.715856164
8,213,799.5625,4606.347875,14.55359589,4.595650685
7.41,212,923.65,4465.383,13.85836749,4.264993169
7.67,222,856.625,4169.40075,13.00393836,4.092705479
9.23,209,758.5375,4248.572625,14.87719178,5.191335616
7.94,209,714.2875,4437.6765,15.1030137,4.873869863
7.28,205,845.25,4272.425375,14.21690574,4.727459016
8.52,211,807.8125,4481.188625,14.29167808,4.321952055
8.56,205,724.225,4789.165125,15.52174658,5.280582192
8.62,208,730.075,4601.83775,15.03873288,4.76390411
8.85,211,793.9625,4711.412875,14.98114754,4.826571038
7.88,220,859.675,4530.7295,13.73226027,3.935308219
8.16,189,746.75,4794.736375,16.56417808,5.246986301
6.54,217,892.5571429,4197.346429,13.79037182,4.735890411
6.98,212,916.6285714,4256.884857,14.44968774,5.265964091
7.2,212,953.5428571,4248.223857,13.54767123,4.567436399
6.46,208,980.1,4307.209571,14.33898239,5.167632094
6.13,203,530.4,4722.883429,14.86187867,4.075342466
7.89,222,736.6,4311.671143,13.41194379,4.25117096
6.98,221,878.0142857,4297.302429,13.0562818,3.617338552
6.59,222,791.7285714,4426.007857,13.93373777,4.274755382
7.8,195,917.4142857,4525.909143,14.58121331,4.894324853
7.57,215,809.2,4332.800857,14.09168618,4.801795472
5.58,218,865.3428571,4270.176429,13.64966732,4.424657534
6.37,218,894.7285714,4161.735429,12.24931507,3.540391389
7.49,215,783.8714286,4541.346286,14.49248532,4.521643836
7.68,212,849.1285714,4401.697571,13.80956284,4.208196721
7.9,223,849.2285714,4108.372286,12.92626223,4.115851272
8.3,209,757.9142857,4206.502143,14.85135029,5.225362035
8.59,209,692.2,4363.663286,15.06258317,4.907123288
7.43,205,790.7428571,4234.542143,14.21736924,4.768188915
7.25,212,780.4857143,4437.187286,14.30340509,4.332798434
7.19,204,726.4,4736.541714,15.56481409,5.313463796
7.85,208,716.6571429,4554.534,15.05150685,4.748767123
8.43,211,735.5428571,4657.992429,14.97306792,4.805308353
7.14,220,898.2571429,4452.484143,13.70422701,3.960469667
7.18,189,660.3,4737.798857,16.55675147,5.224774951
6.17,219,1043.2,4179.339333,13.55105023,4.575890411
7.22,216,1153.866667,4282.639333,14.26566485,5.165209472
6.84,212,1132.533333,4246.949,13.38502283,4.539178082
6.46,211,1259.1,4283.475333,14.19671233,5.056712329
6.52,204,741.7666667,4689.437667,14.59269406,4.065388128
8.11,225,932.1,4299.92,13.16675774,4.274590164
7.29,225,987.8666667,4312.091,12.85863014,3.415981735
7.12,226,838.3,4446.898333,13.69652968,4.137808219
7.99,197,1019.833333,4508.970333,14.16785388,4.707945205
7.84,218,813.4666667,4312.956,13.63005464,4.498998179
6.73,223,889.1333333,4290.692333,13.55652968,4.217808219
6.5,221,999.2,4143.705667,12.05607306,3.455159817
7.19,216,876.8,4563.098,14.41305936,4.530410959
7.75,213,923,4400.569667,13.63998179,4.28715847
7.82,222,915.0333333,4094.212333,12.83990868,4.255525114
8.13,211,828.8666667,4181.839333,14.52876712,5.20347032
8.39,211,820.6666667,4409.257,14.67972603,4.914246575
7.32,207,955.5666667,4202.737,13.89635701,4.922040073
8.28,213,872.6666667,4398.168,14.07488584,4.482191781
8.61,206,815.7666667,4704.189,15.18447489,5.333059361
8.91,209,813.7333333,4531.403,14.78757991,4.875068493
9.71,210,870.8,4658.987667,14.86812386,5.123588342
7.49,220,932.3666667,4440.403667,13.43716895,4.073242009
8.05,190,684.4,4775.593667,16.3969863,5.406027397
6.28,221,1259.58,4176.004,13.17347945,4.526246575
7.11,219,1166.08,4299.8314,13.91251366,5.199726776
7,213,1097.22,4254.5682,13.06969863,4.545150685
6.24,212,1330.58,4281.5182,13.88416438,5.03660274
7.23,205,772.48,4704.0932,14.19030137,4.151945205
7.96,226,887.48,4319.1518,12.87120219,4.29568306
7.18,223,949.3,4388.3768,12.76284932,3.792
7.01,225,946.86,4528.0998,13.6069589,4.309369863
7.74,197,1071.18,4541.0564,13.98109589,4.855013699
8.34,218,834.5,4337.0466,13.64382514,4.616338798
6.94,225,883.16,4328.1212,13.44421918,3.85769863
6.68,224,1038.36,4238.9624,11.92641096,3.049041096
7.36,219,908.94,4625.6628,14.34663014,4.136109589
7.94,216,928.24,4423.603,13.54939891,3.837486339
7.67,227,965.62,4104.0642,12.5969863,3.805863014
8.85,215,845.68,4206.024,14.48334247,4.882246575
8.71,213,910.68,4453.6324,14.61857534,4.530739726
7.57,210,1002.52,4227.959,13.82650273,4.548087432
8.76,213,901.48,4451.211,13.92926027,4.187561644
8.7,209,773.68,4720.1052,15.04624658,5.050684932
8.6,212,853.2,4559.283,14.53315068,4.524273973
8.51,213,862.92,4710.089,14.71715847,4.817431694
7.52,222,963.56,4483.7034,13.25775342,3.772109589
8.14,191,803.54,4825.545,16.25961644,5.195561644
6.21,218,961.1875,4242.584125,13.67821918,4.419383562
6.68,213,999.0625,4357.521125,14.53268443,4.942964481
6.63,214,1042.4625,4274.318375,13.54328767,4.15859589
6.28,210,1085.3125,4347.116625,14.48047945,4.700924658
6.15,206,652.7375,4771.805875,14.7615411,3.487054795
7.73,225,773.8875,4309.767125,13.4090847,3.743989071
6.6,221,913.175,4330.139375,13.15636986,3.231986301
6.49,224,850.7625,4461.4455,13.82,3.709212329
7.72,197,872.475,4508.642375,14.64246575,4.472979452
7.42,217,801.1,4359.2585,14.1635929,4.453449454
6.33,217,903.3375,4282.6705,13.85691781,4.320171233
6.14,218,923.8125,4140.41875,12.53510274,3.425616438
7.46,216,769.1125,4527.18,14.62537671,4.227876712
7.35,211,887.4125,4377.89375,14.04603825,4.217110656
6.9,221,873.9375,4148.726625,13.19921233,4.075513699
8.23,211,751.375,4203.70025,14.96921233,5.086027397
7.69,208,677.8375,4396.992625,15.23123288,4.750205479
6.83,206,924.8125,4211.07775,14.2818306,4.679849727
8.17,211,802.15,4393.15625,14.40236301,4.315513699
7.81,206,683.25,4656.617625,15.71424658,5.217979452
8.33,207,726.875,4480.98475,15.20208904,4.640924658
8.7,212,845.725,4577.39925,15.05269809,4.70795765
6.87,218,862.925,4483.10325,14.01931507,3.980547945
7.9,188,749.6,4644.542875,16.70955479,5.261061644
6.39,215,834.875,4170.077125,13.95510274,4.918458904
7.02,211,838.025,4223.5215,14.59214481,5.370252732
7.2,211,941.225,4237.268625,13.5080137,4.496130137
6.65,207,1014.35,4234.6795,14.47880137,5.350342466
5.33,204,499.4625,4673.557625,14.62321918,3.863253425
7.99,225,690.3,4280.117125,13.35027322,4.070935792
7,219,825.1125,4240.823125,13.11784247,3.709965753
6.71,219,672.575,4384.2785,14.27078767,4.650205479
7.45,194,837.775,4477.846,14.62267123,4.913356164
7.83,213,675.425,4310.879375,14.08254781,4.654405738
6.99,219,717.45,4241.574,13.78756849,4.501472603
6.58,217,847.1,4096.014125,12.39859589,3.645890411
7.25,213,667.225,4482.397625,14.66958904,4.739212329
7.16,210,723.4,4360.41,14.03961749,4.42260929
7.54,220,776.4625,4046.88175,13.11434932,4.48010274
8.62,205,701.725,4144.62975,14.99493151,5.65630137
7.92,207,567.4625,4332.284,15.11369863,5.149109589
7.84,204,720.125,4163.19225,14.2619877,5.070765027
7.39,209,736.7625,4345.544125,14.41393836,4.756438356
8.46,202,699.85,4673.261,15.73804795,5.641952055
7.99,206,648.475,4520.8265,15.20376712,5.132842466
9.15,208,700.3625,4614.888,15.13165984,5.130532787
7.67,218,838.4125,4356.960875,13.74996575,4.346164384
7.75,185,616.875,4718.536125,16.79657534,5.774417808
6.32,216,839.4,4161.6058,13.83309589,4.872164384
7.13,211,900.78,4213.822,14.46721311,5.400054645
6.98,211,937.04,4201.5964,13.56027397,4.701479452
6.79,208,984.18,4242.8394,14.3780274,5.301205479
5.56,203,501.26,4669.1296,14.86186301,4.216876712
8.57,222,704.9,4255.6506,13.43322404,4.382677596
6.87,219,889.16,4234.4638,13.14767123,3.790356164
6.74,221,717.2,4365.1496,13.96734247,4.519835616
7.5,194,870.34,4462.3062,14.54339726,5.039452055
7.92,213,759.16,4275.0102,14.09355191,4.89
6.93,218,752.54,4228.8542,13.71347945,4.531616438
6.57,217,911.64,4105.2788,12.30383562,3.654465753
7.6,213,775.42,4481.755,14.55945205,4.730794521
7.57,211,815.86,4351.423,13.90704918,4.44715847
7.31,221,843.44,4052.8228,12.99928767,4.439561644
8.28,206,802.36,4150.8006,14.91260274,5.590849315
7.8,207,663.02,4322.3442,15.10482192,5.231616438
7.43,203,789.2,4173.0104,14.26814208,5.090163934
7.62,209,811.96,4348.1362,14.36465753,4.714958904
7,202,722.34,4670.6336,15.65408219,5.661150685
6.97,206,723.36,4506.0822,15.14663014,5.128657534
7.79,208,758.3,4601.553,15.06754098,5.190874317
6.54,217,849.64,4369.608,13.74783562,4.348164384
6.81,186,682.66,4689.004,16.71967123,5.686739726
5.76,218,1307.488889,4192.763778,13.61850837,4.760182648
6.83,211,1383.688889,4295.886556,14.63199757,5.374924104
5.94,209,1354.644444,4272.748667,13.70033486,4.677899543
6.4,207,1467.377778,4356.470889,14.50085236,5.145266362
6.12,203,908.3333333,4746.579,14.68666667,4.216834094
7.46,222,1125.777778,4264.608444,13.26879174,4.340467517
6,219,1278.822222,4282.722667,13.11515982,3.830045662
6.42,223,1140.322222,4459.386778,13.77479452,4.26718417
7.32,194,1209.988889,4509.469556,14.29083714,4.788949772
7.26,218,1023.788889,4364.096667,13.96730419,4.639829994
6.05,217,1209.9,4294.984444,13.75741248,4.530136986
5.86,216,1068.488889,4153.806889,12.38724505,3.80870624
7.29,213,1032.577778,4590.151889,14.51232877,4.576042618
6.93,211,1145.944444,4415.775556,13.79365513,4.419095325
7.02,224,1171.811111,4156.818,12.8508067,3.992998478
8.22,208,996.1,4235.209667,14.7925723,5.473059361
7.75,207,887.9555556,4412.918222,15.02660578,5.163318113
6.87,205,1238.355556,4236.382222,14.16587735,4.947723133
8.65,208,1155.888889,4423.643556,14.2086758,4.607153729
7.46,205,946.2555556,4670.414111,15.3891933,5.556133942
8.11,207,1118.433333,4493.096,15.03372907,5.087792998
8.32,208,1132.066667,4624.555889,15.04632665,5.288372799
7.37,215,1147.077778,4542.84,13.86858447,4.271171994
8.41,187,978.6555556,4701.257444,16.60958904,5.718447489
5.84,218,926.5,3950.214,13.33446575,5.241424658
6.3,214,873.36,3930.6762,13.8304918,5.674808743
5.7,213,1095.72,3874.1032,12.9989589,4.927945205
6.28,211,1106.24,3857.2242,13.64471233,5.45660274
4.91,206,652.6,4411.5906,14.45106849,4.68690411
7.77,221,879.52,3996.3024,12.84027322,4.712459016
5.86,219,838.54,4060.3524,13.02591781,4.603342466
5.86,222,874.8,4125.6608,13.63161644,5.098520548
6.57,194,1021.48,4165.3968,13.96783562,5.230739726
6.29,213,832.34,3953.4698,13.79819672,5.048797814
6.05,219,950.16,3988.4582,13.44882192,4.665863014
6.22,216,1040.5,3872.6614,11.98706849,3.593534247
6.27,214,877.54,4229.7494,14.41671233,4.922082192
6.68,212,842.18,4122.5836,13.69956284,4.361912568
6.75,223,957.38,3778.486,12.68427397,4.666849315
7.41,204,757.5,3954.7016,14.77534247,5.863890411
7.43,210,698.5,4084.9874,14.75715068,5.476438356
6.54,205,840.22,3912.5684,13.76021858,5.120655738
7.12,212,985.1,4053.003,13.9029589,4.979506849
7.05,202,636.3,4467.0088,15.76158904,5.790246575
5.94,205,810.9,4289.211,15.00372603,5.369534247
7.17,209,778.44,4327.5774,14.83661202,5.373551913
6.32,219,840.7,4047.5818,13.30410959,4.553589041
6.15,186,733.94,4472.0144,16.48542466,5.814739726
5.74,226,897.15,3906.415667,12.91,4.557534247
6.03,222,770.55,3898.355833,13.58533698,4.977459016
6.42,220,979.9,3870.806667,12.59785388,4.369954338
6.31,218,1027.233333,3836.916833,13.19502283,4.765068493
4.8,213,568.2666667,4436.240333,14.23584475,3.879634703
7.53,229,848.0166667,3910.394833,12.39275956,3.902959927
6.32,228,852.2333333,4075.565333,12.69114155,3.823196347
6,233,828.0833333,4125.595667,13.08219178,4.136666667
6.63,204,957.6333333,4076.691833,13.45045662,4.249726027
5.67,225,722,3865.254167,13.07591075,4.021766849
5.96,229,837.8166667,3917.8025,12.77885845,3.567123288
5.61,229,896.5,3787.361,11.31753425,2.329908676
5.84,226,754.1833333,4164.615167,13.83611872,3.69347032
6.27,223,803.1,4048.075333,13.10040984,3.248497268
6.68,235,827.4666667,3683.017833,12.0369863,3.625844749
7.52,215,686.7166667,3853.067,14.26191781,4.790639269
7.16,220,638.9666667,4028.327167,14.17474886,4.353515982
7.06,215,738.95,3847.626167,13.21070128,4.114298725
6.94,221,934.85,3882.769333,13.37031963,4.064246575
5.19,211,523.35,4388.157333,15.03730594,4.528356164
5.74,214,712.25,4207.7875,14.56013699,4.260593607
6.81,221,691.4,4227.194333,14.31051913,4.311384335
5.67,230,820.6833333,3958.390667,12.78844749,3.532922374
5.5,195,721.9333333,4355.082167,15.88228311,4.616164384
5.8,218,749.4,3872.648857,13.52810176,5.173542074
6.42,214,702.2,3857.497,14.07322404,5.56069477
6.49,214,899.4428571,3818.715857,13.14864971,4.84148728
6.09,211,922.2285714,3802.466857,13.7658317,5.385205479
5.22,207,489.4857143,4385.877857,14.69158513,4.494050881
7.39,221,783.0142857,3910.718571,13.04992194,4.503551913
6.49,218,662.7142857,4051.295857,13.38892368,4.380821918
6.68,223,727.7285714,4085.342,13.75843444,4.793737769
6.84,196,843.9285714,4026.433286,13.95675147,4.792641879
6.64,218,668.8857143,3835.822429,13.64633099,4.554566745
6.5,222,766.1142857,3883.952143,13.32700587,4.001017613
6.23,222,859.8714286,3800.410571,11.88829746,2.830567515
6.83,219,659.0142857,4159.044429,14.44645793,4.174481409
5.97,215,709.0285714,4008.965714,13.61412959,3.779508197
6.83,228,750.2,3699.580571,12.58101761,4.069549902
7.14,208,599.6285714,3873.059571,14.76407045,5.276868885
6.67,216,537.2142857,4040.897429,14.65823875,4.772172211
7.24,209,656.7571429,3856.988143,13.73321624,4.538212334
6.97,215,839.7857143,3894.213,13.88571429,4.461213307
4.97,206,454.3571429,4365.765429,15.58363992,5.020273973
6.01,209,613.7714286,4171.47,15.03178082,4.754911937
6.58,214,609.8,4206.955714,14.87923497,4.695784543
6.01,224,767.8428571,3923.011857,13.26031311,3.974324853
5.16,189,653.6714286,4359.290429,16.44266145,5.070293542
5.97,223,803.0857143,3924.859571,12.98657534,4.660234834
5.89,219,751.6,3925.948429,13.63594848,5.147189696
6.74,217,968.8142857,3911.935571,12.84191781,4.514559687
5.57,216,1213.157143,3936.929857,13.31761252,4.88962818
5.26,211,558.5857143,4497.758,14.237182,3.904931507
7.46,224,828.6714286,4000.691714,13.069516,4.331928181
6.27,225,805.2857143,4040.766143,12.79585127,3.695459883
6.19,228,814.5142857,4112.083143,13.44379648,4.302622309
6.75,199,953.2428571,4162.727714,13.90786693,4.666575342
6.34,219,764.1,3969.882143,13.54711163,4.432786885
6.78,223,803.9285714,3997.436714,13.17639922,4.123052838
6.04,222,855.1142857,3864.550714,11.82755382,3.005048924
6.75,220,793.3142857,4215.745857,14.03906067,4.234677104
6.59,216,698.5857143,4128.007143,13.56740827,3.932708821
6.45,225,782.1857143,3800.213714,12.59389432,4.24332681
7.67,210,604.4142857,3945.439714,14.56540117,5.224305284
7.27,215,602.6142857,4066.399714,14.57193738,4.853659491
7.2,209,714.9571429,3915.217571,13.58579235,4.540593286
6.86,215,756.8571429,4058.561714,13.76634051,4.379960861
6.69,206,580.5571429,4442.923429,15.54489237,5.136125245
6.41,208,643.9285714,4283.837,14.96136986,4.833189824
8.52,214,659.0714286,4300.593143,14.64016393,4.767525371
7.46,223,776.9142857,4059.973429,13.31005871,4.052485323
6.67,189,704.7857143,4420.849143,16.32927593,5.222387476
6.05,229,791.6545455,3833.356091,12.56894147,4.199103362
6.48,224,823.1,3891.818727,13.30429707,4.729085941
6.54,223,1012.518182,3884.753,12.34393524,4.028418431
6.39,218,1132.863636,3966.520818,13.15529265,4.522914072
5.75,216,567.5727273,4409.393182,13.62699875,3.434371108
7.81,232,788.8090909,3919.139727,12.18715847,3.540958768
6.35,232,746.7545455,4038.890818,12.19606476,3.194819427
6.39,233,781.8727273,4126.785273,13.05855542,3.705305106
6.73,204,929.6454545,4192.676909,13.68739726,4.1898132
7,224,729.4818182,3990.635455,13.26117735,4.028191754
6.16,226,878.6181818,4022.647818,12.92702366,3.782914072
6.27,226,841.7454545,3853.051455,11.54839352,2.666027397
6.96,224,785.3818182,4236.467273,13.68804483,3.84988792
6.32,221,885.3909091,4125.578091,13.10484352,3.534898162
6.8,225,829.4727273,3841.815,12.64821918,4.169339975
7.7,214,727.4818182,3999.941727,14.30734745,4.694396015
7.53,218,629.1181818,4096.774545,14.29950187,4.46622665
7,213,903.9545455,3945.326727,13.32868852,4.193094883
7.23,220,821.1727273,4084.060182,13.44356164,3.818455791
5.72,211,643.3909091,4391.566455,14.98214197,4.621046077
6.71,212,718.2545455,4282.186182,14.5977335,4.419227895
7.78,219,738.9909091,4300.117455,14.29950323,4.371187283
7.3,227,853.6090909,4065.320273,13.04562889,3.500547945
7.63,195,784.2272727,4365.942273,15.76782067,4.828991283
6.32,227,916.2083333,4002.179917,12.64972603,4.548447489
6.32,222,810.7583333,4008.847167,13.30571494,5.006102004
6.87,221,1063.941667,4017.994833,12.43787671,4.233652968
6.32,218,1135.725,4066.73025,13.08936073,4.789840183
5.24,211,609.225,4574.627667,13.98541096,4.127146119
7.77,228,873.9166667,4110.286083,12.51231785,4.03818306
6.09,230,875.175,4133.988833,12.23611872,3.680936073
6.63,231,774.55,4246.668,13.01175799,4.315479452
7.17,202,1018.741667,4316.810667,13.53011416,4.683493151
7.08,221,783.35,4125.7965,13.16338798,4.504371585
6.55,225,852.1,4115.582083,12.77426941,4.110570776
6.33,225,880.0583333,3974.596417,11.4113242,3.055479452
6.89,222,781.7166667,4326.192833,13.67452055,4.289954338
6.72,218,742.0916667,4205.284083,13.16470856,3.901001821
7.12,230,854.15,3896.278833,12.11502283,4.10413242
7.54,213,712.075,4039.09125,14.19591324,5.242648402
7.63,216,640.7083333,4177.487583,14.2546347,4.879383562
7.49,212,773.7666667,4021.812667,13.27060565,4.55942623
7.42,217,804.675,4204.338083,13.48171233,4.407785388
6.81,208,710.1833333,4532.582667,15.03372146,5.257123288
7.17,210,711.3666667,4372.665417,14.49844749,4.885
8.39,216,700.7083333,4424.499833,14.26580146,4.801935337
7.33,226,887.8833333,4182.71475,12.873379,3.992191781
7.67,192,701.575,4519.504833,16.01109589,5.266803653
6.3,225,752.2833333,3897.568167,12.74543379,4.701438356
6.21,219,774.3916667,3953.243833,13.54610656,5.210632969
6.32,218,1011.45,3927.37425,12.63312785,4.515273973
6.14,215,1118.908333,3975.164083,13.30075342,4.99196347
5.23,211,545.2333333,4511.117583,14.05228311,4.136232877
7.83,226,760.4833333,4020.380583,12.58230874,4.126935337
6.17,226,696.0083333,4092.787917,12.6533105,3.816986301
6.41,227,729.9166667,4175.341,13.34796804,4.321187215
7.07,200,900.8916667,4189.24525,13.88333333,4.690479452
6.89,220,746.85,3989.023667,13.4640255,4.490824226
6.35,223,793.75,4021.9465,13.09570776,4.178515982
5.66,223,809.175,3887.691833,11.69981735,3.037420091
6.48,220,745.9333333,4241.834583,13.8913242,4.327214612
6.97,217,703.0416667,4145.931417,13.42682149,3.949795082
6.89,225,792.25,3840.317417,12.59684932,4.250022831
8.49,211,640.8166667,3997.049333,14.51828767,5.21652968
7.92,215,573.5583333,4107.35825,14.48621005,4.89347032
7.55,211,766.4916667,3951.357417,13.48893443,4.573679417
6.48,216,739.5333333,4118.148167,13.65990868,4.327762557
5.63,207,576.3666667,4457.551417,15.29993151,5.154109589
6.58,209,660.0333333,4311.545083,14.78490868,4.882511416
8.26,215,707.9416667,4306.188917,14.41505009,4.832285974
7.09,224,761.1333333,4073.697333,13.15993151,4.000342466
6.82,190,660.8416667,4405.768583,16.10977169,5.305159817
6.6,235,816.9,3772.526111,12.06179604,4.206879756
6.58,228,741.1444444,3790.875222,12.80752884,4.769156041
6.8,228,917.8222222,3781.741222,11.82079148,3.991171994
6.83,224,1075.611111,3756.964111,12.42572298,4.488493151
6.17,218,567.4666667,4368.035444,13.12563166,3.775159817
7.61,235,841.9555556,3861.146222,11.59672131,3.692046145
6.33,235,796.4777778,4007.778667,11.8481583,3.619756469
6.38,238,826.0555556,4075.185778,12.40517504,4.096438356
7.38,208,933.5666667,4024.466333,12.86328767,4.314550989
7.29,232,764.4777778,3846.598778,12.43369763,3.781754706
6.82,233,778.5777778,3905.049889,12.15138508,3.355890411
6.74,236,869.2333333,3748.855444,10.62368341,2.062435312
7.44,232,700.6777778,4131.926111,13.03482496,3.480943683
6.84,229,722.6333333,4029.836556,12.56284153,2.996296296
7.14,239,764.0222222,3675.825,11.59242009,3.277503805
8.23,222,647.7444444,3855.280222,13.59585997,4.538386606
7.54,225,664.6555556,3997.961,13.4860274,4.123957382
7.68,221,691.2333333,3824.005778,12.58315118,3.867243473
7.92,228,759.1777778,3919.111667,12.69869102,3.585235921
7.26,216,562.2,4321.918,14.33171994,4.25086758
7.29,219,681.4777778,4162.892,13.8856621,4.034733638
9.05,226,649.1111111,4180.965111,13.62185792,4.082210079
7.21,236,806.2888889,3888.968111,12.14767123,3.179817352
6.64,201,693.5222222,4277.273667,15.18249619,4.291719939
6.56,219,986.5333333,4180.1175,13.57922374,4.587123288
7.45,215,992.4,4243.773333,14.25068306,5.140938069
7.41,213,996.2666667,4244.914,13.36913242,4.377488584
6.31,212,1138.866667,4268.293833,14.1496347,4.946255708
6.32,205,622.95,4687.865333,14.57940639,3.808310502
8.27,225,799.5666667,4301.2015,13.17117486,4.01867031
7.77,222,979.4333333,4287.060167,12.96452055,3.533561644
7.71,224,762.9166667,4430.053,13.80757991,4.230913242
8.56,197,920.05,4488.376667,14.30716895,4.724292237
8.56,216,784.5333333,4285.418,13.86766849,4.534153005
6.99,222,836.2166667,4264.604833,13.62077626,4.154520548
7.42,220,948.8333333,4118.0485,12.18949772,3.352191781
8.74,216,697.85,4509.6635,14.5030137,4.462511416
8.24,212,851.3,4377.787,13.78415301,4.204826958
8.69,223,864.9,4079.265667,12.77767123,4.214383562
9.15,209,784.3333333,4156.138167,14.73821918,5.29652968
8.83,210,692.9666667,4385.578833,14.86908676,4.856666667
7.71,206,850.7166667,4193.920833,14.05733151,4.823724954
8.73,212,830.9333333,4382.792833,14.20538813,4.437716895
8.49,205,707.4833333,4667.559333,15.40694064,5.286118721
8.94,209,752.7833333,4509.96,14.89360731,4.817077626
9.23,210,757.1,4631.440333,14.95942623,4.954781421
7.66,221,885.8166667,4372.8625,13.55703196,4.041415525
8.42,189,668.15,4738.503,16.55684932,5.426849315
6.28,216,820.1857143,4106.466143,13.79682975,5.09369863
7.17,210,828.1571429,4167.161571,14.51327088,5.75058548
7.1,208,904.4285714,4156.465143,13.80258317,5.019726027
6.39,207,1062.3,4169.711714,14.43651663,5.514872798
5.76,200,482.1571429,4651.893,14.99714286,4.47444227
8.35,220,692.9428571,4234.826286,13.68497268,4.628493365
6.9,215,774.1571429,4221.304429,13.33886497,4.293620352
7.22,217,624.8,4356.249571,14.13299413,4.787084149
7.75,196,808.2571429,4463.811714,14.5651272,4.827358121
8.1,214,623.4,4247.899857,14.12685402,4.65312256
6.87,219,691.5285714,4250.565857,13.84696673,4.237886497
6.58,219,745.6142857,4100.611429,12.46927593,3.419765166
7.78,215,627.6714286,4469.318571,14.75197652,4.48109589
7.32,210,739.4571429,4388.488429,14.14484778,4.232903981
7.88,220,788.7571429,4031.058429,13.26751468,4.487240705
8.46,205,644.0142857,4116.919,15.06074364,5.546888454
8.5,208,603.9857143,4358.484571,15.07338552,4.95369863
7.78,206,718.3571429,4204.804286,14.26842311,4.863778298
8.13,211,729.9571429,4388.607857,14.47373777,4.533385519
8.35,203,554.3571429,4687.120857,15.7739726,5.302544031
8.24,208,653.5142857,4547.535571,15.20066536,4.746849315
9.1,208,688.9,4644.014714,15.27416081,4.933411397
7.2,218,780.7428571,4338.874714,13.83596869,4.149980431
8.45,186,610.9285714,4779.784714,16.94551859,5.484031311
6.76,218,818.15625,4112.88525,13.52743151,5.009178082
7.22,212,741.83125,4139.946625,14.21915984,5.605652322
7.35,211,856.6375,4148.200875,13.42648973,4.828133562
6.91,211,1007.65625,4180.351313,13.98952055,5.276215753
5.71,204,493.0375,4671.1175,14.66597603,4.278732877
8.42,223,672.05625,4233.918562,13.17184085,4.439071038
7.05,220,778.79375,4209.034375,12.96825342,4.120958904
7.29,224,614.65,4328.947562,13.74878425,4.486866438
8,197,849.20625,4433.312188,14.18136986,4.919092466
8.16,215,708.16875,4220.128438,13.80262978,4.765078552
7.38,220,714.38125,4205.450812,13.51123288,4.451078767
7.12,219,768.475,4055.346687,12.16273973,3.553818493
7.19,215,637.73125,4448.8755,14.48046233,4.650770548
7.81,211,689.48125,4332.000125,13.85391052,4.292025273
8.05,223,759.03125,4011.8195,12.8689726,4.330547945
8.75,206,634.6375,4107.036062,14.7267637,5.705445205
8.5,210,513.675,4280.5485,14.83806507,5.108407534
7.63,206,683.1125,4116.218125,13.96320014,4.94960724
8.16,211,749.725,4331.523688,14.18054795,4.71755137
8.25,203,629.03125,4655.269063,15.56886986,5.57130137
8.28,207,675.34375,4527.056313,15.00546233,5.027380137
8.84,209,662.2375,4605.223313,14.92102117,5.000443989
7.47,219,718.2,4323.888875,13.52816781,4.285445205
7.55,187,615.85625,4740.433813,16.61743151,5.65010274
7.03,218,881.2571429,4090.689143,13.65432485,4.673855186
6.68,214,972.5285714,4194.460714,14.33696331,5.290983607
7.62,211,957.1285714,4173.892857,13.65937378,4.5637182
6.67,211,1160.642857,4178.168286,14.27107632,4.99037182
6.3,204,615.3428571,4590.902143,14.75765166,3.86297456
8.02,225,769.9,4243.014714,13.36795472,3.962685402
6.83,220,881.6142857,4240.36,13.22293542,3.621761252
7.04,223,749.4,4388.833,13.98622309,4.158630137
7.92,197,945.7714286,4480.701857,14.43080235,4.550567515
8.18,216,768.7,4271.062857,14.03212334,4.375058548
7.24,221,812.4714286,4272.598,13.86579256,3.99592955
6.73,221,899.7428571,4112.844,12.45174168,3.258825832
7.78,215,683.8857143,4530.775143,14.77530333,4.294403131
7.82,212,840.3285714,4404.786429,14.09469165,4.006752537
6.57,222,823.4714286,4070.647429,13.16426614,4.163522505
8.89,208,719.3142857,4162.236286,15.03573386,5.267201566
8.29,209,714.1285714,4396.078571,15.02176125,4.606731898
7.27,207,804.3428571,4194.972857,14.2285324,4.612763466
8.22,213,855.1,4403.173143,14.36524462,4.144344423
8.47,206,630.1857143,4675.222571,15.54277886,4.959804305
8.41,211,744.3285714,4543.953,14.97812133,4.35369863
9.51,212,775.4428571,4673.869286,15.14344262,4.641334895
7.68,222,919.7428571,4399.746429,13.65452055,3.742622309
8.36,189,741.5428571,4809.152286,16.66931507,5.05851272
6.43,234,1558.39,4072.4584,12.41386301,3.415808219
7.42,230,1411.41,4226.6362,13.50909836,4.02704918
7.12,225,1348.43,4205.1058,12.46317808,3.278246575
6.71,225,1612.44,4224.31,13.35375342,3.850356164
6.98,215,993.13,4665.5281,13.66778082,2.798246575
7.84,239,1090.88,4252.0622,12.12464481,2.870819672
6.79,239,1189.68,4297.6279,12.1109863,2.27660274
6.79,239,1119.4,4439.1573,13.01443836,2.798794521
7.69,210,1300.14,4460.4087,13.33084932,3.438547945
7.74,232,1033.04,4275.9772,12.98437158,3.24989071
7.07,234,1079.86,4281.7665,12.9350137,2.968547945
6.74,236,1202.69,4120.2588,11.23394521,2.162739726
6.96,229,1130.14,4584.5697,13.86038356,3.202246575
7.32,226,1164.26,4383.6318,12.96948087,2.824672131
6.42,239,1162.47,4080.8251,12.04268493,2.721780822
8.2,228,1032.56,4170.998,13.9649589,3.943863014
7.95,221,1058.23,4422.8391,14.05060274,3.521753425
7.91,219,1215.95,4197.2404,13.17759563,3.991830601
9.44,219,1252.48,4458.0426,13.12591781,3.901315068
9.4,215,882.2,4659.7543,14.31756164,4.645506849
9.1,221,1205.02,4522.0471,13.68315068,4.178931507
10.16,220,1077.79,4694.4796,14.10180328,4.619808743
7.86,228,1212.05,4503.6703,12.4919726,3.375369863
9.66,198,1047.78,4807.7776,15.514,4.947534247
6.18,224,1231.88,4084.035733,13.03956164,4.219671233
6.85,222,1225.953333,4211.256067,13.88570128,4.764699454
7.11,216,1120.286667,4191.987,13.02306849,4.078666667
6.49,216,1447.426667,4205.9262,13.78999087,4.568365297
6.61,209,797.5533333,4640.054133,14.18109589,3.510027397
7.57,231,923.26,4235.709467,12.72566485,3.591803279
6.99,228,1026.6,4264.660267,12.66637443,3.165899543
6.48,230,891.12,4405.903933,13.50339726,3.704949772
7.52,201,1110.046667,4465.759333,13.88785388,4.152730594
7.45,222,854.76,4268.098333,13.46794171,3.906211293
6.49,227,916.3133333,4277.947733,13.38120548,3.570885845
6.39,228,1070.786667,4113.5146,11.86449315,2.727945205
7.67,222,910.3533333,4562.903,14.28871233,3.776821918
7.59,219,974.2666667,4398.873267,13.49346084,3.430637523
7.81,231,973.9266667,4082.9832,12.51505023,3.409972603
7.89,217,871.1266667,4183.578333,14.46980822,4.617260274
8.42,215,930.3866667,4409.775,14.49419178,4.107817352
7.18,213,1089.006667,4171.451067,13.69387978,4.285865209
8.84,216,1042.193333,4410.8384,13.78347032,4.017187215
9.82,211,765.8666667,4656.645867,14.96874886,4.815232877
8.95,216,953.38,4530.324733,14.32814612,4.264146119
9.81,215,952.0066667,4689.288,14.67635701,4.635191257
7.09,224,1066.866667,4468.625533,13.13557991,3.542136986
9.08,193,918.5266667,4830.636533,16.1643105,5.035817352
5.62,216,777.17,3814.163,13.88016438,5.232465753
5.67,212,774.45,3769.7785,14.15677596,5.590928962
6.47,212,862.6,3724.4461,13.51928767,4.960821918
6.34,210,914.82,3716.6751,14.05394521,5.425671233
5.03,204,514.58,4275.4506,15.02369863,4.532547945
7.6,220,722.98,3779.4289,13.46696721,4.489754098
6.24,218,638.31,4028.0328,13.57816438,4.349232877
6.68,222,698.66,4090.8046,13.96167123,4.890876712
6.4,192,956.03,4041.9731,14.19224658,5.183452055
5.72,212,709.27,3844.4787,13.86797814,4.964180328
6.74,219,796.43,3904.7874,13.57972603,4.518520548
6.12,218,814.66,3852.5453,12.17841096,3.449013699
5.27,214,606.54,4167.7325,14.69783562,4.800027397
5.57,211,751.46,4043.8337,13.74961749,4.431775956
7.45,224,703.13,3754.7458,12.8229863,4.521671233
7.47,204,646.88,3849.592,14.8169589,5.849479452
6.72,211,546.77,4020.3606,14.80361644,5.275315068
7.24,207,647.47,3808.3751,13.83180328,4.976885246
6.18,212,758.26,3882.9227,14.01216438,5.046493151
6.04,201,552.15,4416.5756,15.75315068,5.64830137
6.59,206,673.58,4193.176,15.05336986,5.266109589
6.25,209,630.1,4267.2113,15.12754098,5.285054645
5.6,219,718.49,3958.9858,13.51780822,4.486082192
4.82,184,862,4418.4736,16.79652055,5.815123288
6.15,214,681.3714286,3865.340429,14.16504892,5.207162427
6,210,699.0857143,3840.784286,14.60538642,5.577985948
6.33,210,832.7142857,3804.031,13.79189824,4.915694716
6.28,208,906.1285714,3793.028857,14.33142857,5.434951076
4.97,203,464.4428571,4348.035,15.281409,4.440665362
8.13,218,700.8857143,3901.61,13.69746292,4.503161593
6.16,214,626.6,4022.607286,13.9853229,4.327553816
6.2,219,653.1857143,4099.813,14.37373777,4.902387476
6.36,190,803.5714286,4058.449571,14.54309198,5.125166341
5.03,211,681.0285714,3855.202286,14.28333333,4.889617486
6.74,217,678.8142857,3907.924857,13.96062622,4.380469667
6.04,215,794.5142857,3820.965714,12.53835616,3.29553816
4.99,212,597.4285714,4171.505857,15.06336595,4.618708415
5.2,209,674.0428571,4031.439571,14.22228728,4.216510539
7.16,221,695.9571429,3731.494429,13.22951076,4.419021526
6.95,202,575.1428571,3877.333429,15.30403131,5.622504892
6.16,209,507.6857143,4034.229714,15.23921722,5.145048924
6.93,203,593.8714286,3843.38,14.30768931,4.871116315
6.04,210,725.9571429,3913.166857,14.44105675,4.828767123
4.94,200,445.4571429,4385.622286,16.20097847,5.413111546
6.19,204,606.8142857,4185.384,15.52845401,5.079569472
6.78,207,571.8571429,4241.819143,15.52517564,4.96010929
6.54,216,715.5285714,3941.181714,13.93420744,4.364266145
5.57,183,619.7714286,4394.939143,17.11729941,5.539334638
6.91,210,624.18,3978.8614,14.64980822,5.49490411
6.4,203,584.88,3967.8778,15.0379235,5.933497268
7.32,204,723.96,3941.8456,14.26356164,5.269643836
7.03,204,829.76,3946.3742,14.74421918,5.703835616
5.33,198,424.54,4486.0374,15.75523288,4.740438356
8.37,214,618.62,4020.2524,14.17901639,4.883442623
6.67,213,614,4089.9976,14.25227397,4.253479452
6.91,216,596.14,4177.3246,14.80082192,5.007342466
7.01,186,777.92,4172.6154,14.96920548,5.238684932
6.74,206,629.94,3965.6212,14.7584153,5.093770492
7.48,212,709.34,4005.676,14.46378082,4.525589041
6.78,210,795.34,3918.9504,13.08438356,3.685863014
5.49,206,588.48,4266.397,15.54805479,4.888986301
5.63,204,625.32,4155.0394,14.7926776,4.556120219
8.36,215,710.9,3838.8042,13.92,4.89939726
7.67,198,600.36,3976.5472,15.77879452,5.744986301
7.18,205,458.94,4112.394,15.83435616,5.315780822
7.84,199,601.18,3928.0856,14.82923497,5.123387978
6.76,205,705.68,4062.918,14.95408219,5.083342466
5.77,195,493.2,4480.7422,16.71539726,5.657753425
6.63,201,591.02,4286.8916,16.02126027,5.278630137
6.96,201,517.7,4361.0192,16.09060109,5.155464481
6.27,211,706,4077.549,14.52991781,4.601917808
5.75,179,524.56,4511.1204,17.66526027,5.708164384
6.89,212,811.8285714,3964.383429,14.2755773,5.410254403
6.61,208,801.3,3901.714857,14.53395785,5.794730679
7.05,209,888.7142857,3899.624857,13.91283757,5.116947162
6.67,208,971.6571429,3895.870571,14.34023483,5.571193738
5.99,201,529.5142857,4460.866571,15.27659491,4.633150685
8.22,218,753.9,3945.258571,13.8215847,4.68891491
6.81,213,728.0714286,4058.291,13.97882583,4.468297456
7.29,219,745.1285714,4116.650143,14.35471624,4.968688845
7.03,190,941.1571429,4088.202143,14.55819961,5.130254403
6.9,211,752.0571429,3891.660429,14.17603435,4.874199844
7.07,217,776.7,3960.969571,13.97127202,4.389549902
6.83,216,871.2857143,3882.488571,12.54641879,3.480547945
5.63,212,616.3571429,4196.57,15.04223092,4.724031311
6.04,209,732.3857143,4078.706143,14.17970336,4.353434817
7.82,220,716.9571429,3796.830714,13.28270059,4.685401174
8.05,202,669.7571429,3911.76,15.19667319,5.745831703
7.44,209,572.4857143,4063.255143,15.18849315,5.137338552
7.2,205,701.1285714,3855.817429,14.16717408,4.904215457
6.99,210,806.2714286,3989.663571,14.4127593,4.914520548
6.9,200,585.4142857,4428.806,16.11726027,5.510802348
6.36,205,735.9714286,4223.538429,15.38849315,5.04739726
6.99,206,693.0857143,4312.570143,15.50679157,5.169828259
5.75,216,781.9428571,4009.625429,13.90688845,4.474050881
5.49,182,680.3,4470.306286,17.17393346,5.658825832
6.76,203,737.92,4039.1492,14.92361644,6.125369863
6.89,197,799.08,3955.7666,15.23786885,6.593060109
6.92,199,878.12,4010.0456,14.5470137,5.826356164
6.73,198,990.08,3961.3454,15.06767123,6.392219178
6.54,192,536.56,4530.5188,15.98810959,5.411890411
8.75,209,739.22,4008.5086,14.38213115,5.386994536
7.35,205,676.26,4091.4022,14.70526027,5.136767123
7.58,210,632.64,4137.522,15.12093151,5.876547945
7.45,177,833.22,4127.4878,15.34284932,6.091013699
8.12,200,813.26,3911.1132,14.82295082,5.858579235
7.9,206,766.7,4030.8564,14.83424658,5.346246575
7.66,204,870.98,3941.6814,13.33369863,4.537643836
7.2,198,595.94,4224.0258,15.89008219,5.811561644
6.94,196,648.66,4118.7668,15.04661202,5.435737705
8.75,211,733.24,3851.6656,14.06564384,5.690739726
9.47,189,643.38,3988.7528,16.06208219,6.716712329
8.61,198,508.64,4129.6968,15.97435616,6.093534247
7.55,193,648.1,3899.5866,14.99120219,5.939180328
8.78,198,732.38,4075.4124,15.32778082,5.996164384
8.58,189,506.32,4444.2526,16.93956164,6.602849315
8.77,194,734,4239.351,16.13008219,6.03830137
8.53,192,620.88,4326.7676,16.43054645,6.187868852
7.59,204,653.38,4022.0742,14.74169863,5.382575342
7.7,173,608.78,4493.848,17.95567123,6.71090411
6.35,218,705.9285714,3864.072714,13.76246575,4.825870841
6.44,215,674.8285714,3765.156286,14.09976581,5.215534738
6.76,215,732.7428571,3745.734429,13.33925636,4.638277886
6.58,211,837.6857143,3727.109857,13.94254403,5.222739726
5.56,206,461.8571429,4321.985143,14.87401174,4.141448141
8.18,222,685.2142857,3829.492286,13.25468384,4.214558938
6.45,220,540.3428571,4017.453,13.57209393,3.984305284
7.17,228,640.4857143,4078.334571,13.80454012,4.080078278
6.71,198,789.9142857,4014.116857,14.06630137,4.48258317
5.76,216,602.2,3836.866857,13.80222482,4.247150664
7.14,223,679.5428571,3872.324429,13.44774951,3.789589041
6.35,223,663.8,3827.704714,12.06152642,2.479491194
5.51,220,548.2571429,4161.955,14.60426614,3.844853229
5.92,216,681.4285714,3999.484714,13.63516784,3.631498829
7.67,228,641.4428571,3722.431429,12.74681018,3.8718591
7.06,209,585.5428571,3843.264429,14.75933464,5.062896282
6.72,217,504.7285714,4023.086,14.6909589,4.516086106
7.42,211,584.4285714,3814.996286,13.77068696,4.16049961
6.73,217,704.7857143,3858.684571,13.92571429,4.285127202
5.63,206,461.7428571,4376.685,15.69064579,4.729941292
6.52,212,535.9,4159.998571,14.83041096,4.181056751
7.05,216,516.4142857,4230.777714,15.0412178,4.265300546
6.43,225,609.6857143,3892.082714,13.42504892,3.610802348
5.96,189,558.6142857,4361.531286,16.63902153,4.817221135